playerid,playerName,playerNameRoute,abbName,shortName,teamId,pos,PA,IP,pitWAR,batWAR,totalWAR
1011208,Al Rosen,Al Rosen,CLE,Indians,5,3B,688.0,,,9.098541259765625,9.098541259765625
1012230,Duke Snider,Duke Snider,BRO,Dodgers,22,CF,680.0,,,8.77910041809082,8.77910041809082
1008236,Eddie Mathews,Eddie Mathews,MIL,Braves,16,3B,681.0,,,8.651549339294434,8.651549339294434
1011046,Robin Roberts,Robin Roberts,PHI,Phillies,26,P,140.0,346.6666,8.398235321044922,0.11914730072021484,8.517382621765137
1001871,Roy Campanella,Roy Campanella,BRO,Dodgers,22,C,590.0,,,7.689719200134277,7.689719200134277
1009405,Stan Musial,Stan Musial,STL,Cardinals,28,LF,698.0,,,7.502593040466309,7.502593040466309
1012299,Warren Spahn,Warren Spahn,MIL,Braves,16,P,111.0,265.6666,6.2115678787231445,0.3333955407142639,6.5449634194374084
1005184,Harvey Haddix,Harvey Haddix,STL,Cardinals,28,P,107.0,253.0,5.499271392822266,1.0236502885818481,6.522921681404114
1011070,Jackie Robinson,Jackie Robinson,BRO,Dodgers,22,3B/LF,574.0,,,6.022014141082764,6.022014141082764
1011600,Red Schoendienst,Red Schoendienst,STL,Cardinals,28,2B,627.0,,,5.8869733810424805,5.8869733810424805
1013416,Mickey Vernon,Mickey Vernon,WAS,Senators,8,1B,679.0,,,5.437175273895264,5.437175273895264
1000898,Yogi Berra,Yogi Berra,NYY,Yankees,9,C,557.0,,,5.405962944030762,5.405962944030762
1000335,Richie Ashburn,Richie Ashburn,PHI,Phillies,26,CF,702.0,,,5.368717670440674,5.368717670440674
1001189,Ray Boone,Ray Boone,- - -,- - -,0,3B/SS,582.0,,,5.3592106103897095,5.3592106103897095
1003816,Carl Erskine,Carl Erskine,BRO,Dodgers,22,P,101.0,246.6666,5.407639026641846,-0.0759461298584938,5.331692896783352
1004505,Mike Garcia,Mike Garcia,CLE,Indians,5,P,105.0,271.6666,4.602590560913086,0.5312888622283936,5.1338794231414795
1005627,Solly Hemus,Solly Hemus,STL,Cardinals,28,SS,690.0,,,5.082248210906982,5.082248210906982
1006785,Alex Kellner,Alex Kellner,PHA,Athletics,10,P,79.0,201.6666,4.8396830558776855,0.22248682379722595,5.0621698796749115
1003346,Larry Doby,Larry Doby,CLE,Indians,5,CF,617.0,,,4.971007823944092,4.971007823944092
1008082,Mickey Mantle,Mickey Mantle,NYY,Yankees,9,CF,540.0,,,4.891902446746826,4.891902446746826
1014357,Eddie Yost,Eddie Yost,WAS,Senators,8,3B,713.0,,,4.833347797393799,4.833347797393799
1013203,Virgil Trucks,Virgil Trucks,- - -,- - -,0,P,102.0,264.3333,4.564455270767212,0.2137555405497551,4.778210811316967
1006275,Monte Irvin,Monte Irvin,NYG,Giants,30,LF,502.0,,,4.715335369110107,4.715335369110107
1010017,Mel Parnell,Mel Parnell,BOS,Red Sox,3,P,104.0,241.0,4.417616844177246,0.210370272397995,4.627987116575241
1008984,Minnie Minoso,Minnie Minoso,CHW,White Sox,4,LF,655.0,,,4.611290454864502,4.611290454864502
1013012,Hank Thompson,Hank Thompson,NYG,Giants,30,3B,454.0,,,4.579660892486572,4.579660892486572
1004409,Carl Furillo,Carl Furillo,BRO,Dodgers,22,RF,518.0,,,4.457813739776611,4.457813739776611
1009015,Vinegar Bend Mizell,Vinegar Bend Mizell,STL,Cardinals,28,P,89.0,224.3333,5.126513481140137,-0.6746520400047302,4.4518614411354065
1010776,Pee Wee Reese,Pee Wee Reese,BRO,Dodgers,22,SS,625.0,,,4.406857490539551,4.406857490539551
1011980,Curt Simmons,Curt Simmons,PHI,Phillies,26,P,100.0,238.0,4.829486846923828,-0.44668906927108765,4.3827977776527405
1014432,Gus Zernial,Gus Zernial,PHA,Athletics,10,LF,617.0,,,4.359556198120117,4.359556198120117
1005883,Gil Hodges,Gil Hodges,BRO,Dodgers,22,1B,598.0,,,4.354959011077881,4.354959011077881
1008448,Mickey McDermott,Mickey McDermott,BOS,Red Sox,3,P,95.0,206.3333,3.540318250656128,0.8032116293907166,4.3435298800468445
1007020,Ted Kluszewski,Ted Kluszewski,CIN,Reds,18,1B,629.0,,,4.321768760681152,4.321768760681152
1008980,Paul Minner,Paul Minner,CHC,Cubs,17,P,74.0,201.0,4.047562122344971,0.20539626479148865,4.252958387136459
1007359,Don Larsen,Don Larsen,SLB,Browns,2,P,85.0,192.6666,3.894364833831787,0.2659073770046234,4.1602722108364105
1010445,Bob Porterfield,Bob Porterfield,WAS,Senators,8,P,108.0,255.0,3.0962815284729004,1.056640386581421,4.152921915054321
1014309,Early Wynn,Early Wynn,CLE,Indians,5,P,104.0,251.6666,3.035602331161499,1.0768367052078247,4.112439036369324
1007517,Bob Lemon,Bob Lemon,CLE,Indians,5,P,125.0,286.6666,3.07537841796875,1.0075706243515015,4.0829490423202515
1000809,Gus Bell,Gus Bell,CIN,Reds,18,CF,665.0,,,3.965322732925415,3.965322732925415
1010326,Billy Pierce,Billy Pierce,CHW,White Sox,4,P,102.0,271.3333,5.1165771484375,-1.2048237323760986,3.9117534160614014
1014228,Gene Woodling,Gene Woodling,NYY,Yankees,9,LF,482.0,,,3.898509979248047,3.898509979248047
1004724,Jim Gilliam,Jim Gilliam,BRO,Dodgers,22,2B,710.0,,,3.8798930644989014,3.8798930644989014
1002987,Alvin Dark,Alvin Dark,NYG,Giants,30,SS,693.0,1.0,-0.1283596009016037,3.9341399669647217,3.805780366063118
1005286,Granny Hamner,Granny Hamner,PHI,Phillies,26,2B/SS,646.0,,,3.672025680541992,3.672025680541992
1006783,George Kell,George Kell,BOS,Red Sox,3,3B,520.0,,,3.4992752075195312,3.4992752075195312
1008471,Gil McDougald,Gil McDougald,NYY,Yankees,9,3B,614.0,,,3.4228403568267822,3.4228403568267822
1007705,Johnny Logan,Johnny Logan,MIL,Braves,16,SS,668.0,,,3.316772222518921,3.316772222518921
1007200,Harvey Kuenn,Harvey Kuenn,DET,Tigers,6,SS,731.0,,,3.301748752593994,3.301748752593994
1011011,Phil Rizzuto,Phil Rizzuto,NYY,Yankees,9,SS,506.0,,,3.1975464820861816,3.1975464820861816
1000679,Hank Bauer,Hank Bauer,NYY,Yankees,9,RF,503.0,,,3.16471791267395,3.16471791267395
1007714,Sherm Lollar,Sherm Lollar,CHW,White Sox,4,C,396.0,,,3.108081817626953,3.108081817626953
1003183,Jim Delsing,Jim Delsing,DET,Tigers,6,CF,552.0,,,3.088430643081665,3.088430643081665
1004877,Sid Gordon,Sid Gordon,MIL,Braves,16,LF,541.0,,,3.0322911739349365,3.0322911739349365
1001520,Hal Brown,Hal Brown,BOS,Red Sox,3,P,65.0,166.3333,2.369493007659912,0.5995082259178162,2.9690012335777283
1001742,Jim Busby,Jim Busby,WAS,Senators,8,CF,635.0,,,2.9648921489715576,2.9648921489715576
1000277,Johnny Antonelli,Johnny Antonelli,MIL,Braves,16,P,69.0,175.3333,2.9720802307128906,-0.04290134832262993,2.9291788823902607
1011373,Johnny Sain,Johnny Sain,NYY,Yankees,9,P,77.0,189.0,2.299964427947998,0.5631442070007324,2.8631086349487305
1006923,Ralph Kiner,Ralph Kiner,- - -,- - -,0,LF,666.0,,,2.843832015991211,2.843832015991211
1002729,Del Crandall,Del Crandall,MIL,Braves,16,C,420.0,,,2.765280246734619,2.765280246734619
1012615,George Strickland,George Strickland,CLE,Indians,5,SS,482.0,,,2.7652440071105957,2.7652440071105957
1000380,Bobby Avila,Bobby Avila,CLE,Indians,5,2B,633.0,,,2.7615585327148438,2.7615585327148438
1004856,Billy Goodman,Billy Goodman,BOS,Red Sox,3,2B,581.0,,,2.646204710006714,2.646204710006714
1007748,Ed Lopat,Ed Lopat,NYY,Yankees,9,P,73.0,178.3333,2.438091278076172,0.20046620070934296,2.638557478785515
1007619,Johnny Lindell,Johnny Lindell,- - -,- - -,0,P,133.0,198.9999,1.6045486629009247,1.0104823410511017,2.6150310039520264
1003786,Del Ennis,Del Ennis,PHI,Phillies,26,LF,643.0,,,2.608706474304199,2.608706474304199
1004827,Ruben Gomez,Ruben Gomez,NYG,Giants,30,P,79.0,204.0,2.685673713684082,-0.09786920249462128,2.5878045111894608
1012548,Chuck Stobbs,Chuck Stobbs,WAS,Senators,8,P,58.0,153.0,2.313422679901123,0.2541545629501343,2.5675772428512573
1004227,Whitey Ford,Whitey Ford,NYY,Yankees,9,P,85.0,207.0,1.7946135997772217,0.7374622225761414,2.532075822353363
1010702,Vic Raschi,Vic Raschi,NYY,Yankees,9,P,71.0,181.0,2.716844320297241,-0.1934044510126114,2.52343986928463
1009000,Dale Mitchell,Dale Mitchell,CLE,Indians,5,LF,542.0,,,2.459871768951416,2.459871768951416
1004556,Ned Garver,Ned Garver,DET,Tigers,6,P,82.0,198.3333,2.5133183002471924,-0.05496500805020332,2.458353292196989
1006307,Randy Jackson,Randy Jackson,CHC,Cubs,17,3B,549.0,,,2.4513750076293945,2.4513750076293945
1002469,Jackie Collum,Jackie Collum,- - -,- - -,0,P,46.0,135.9999,2.1619747057557106,0.2851400915533304,2.447114797309041
1013795,Vic Wertz,Vic Wertz,SLB,Browns,2,RF,518.0,,,2.4137678146362305,2.4137678146362305
1013807,Wally Westlake,Wally Westlake,CLE,Indians,5,RF/LF,259.0,,,2.346734046936035,2.346734046936035
1010285,Dave Philley,Dave Philley,PHA,Athletics,10,RF,677.0,,,2.3327460289001465,2.3327460289001465
1014040,Ted Williams,Ted Williams,BOS,Red Sox,3,LF,110.0,,,2.324357032775879,2.324357032775879
1004281,Nellie Fox,Nellie Fox,CHW,White Sox,4,2B,692.0,,,2.3131425380706787,2.3131425380706787
1011804,Bobby Shantz,Bobby Shantz,PHA,Athletics,10,P,41.0,105.6666,2.084193706512451,0.21395643055438995,2.298150137066841
1006398,Jackie Jensen,Jackie Jensen,WAS,Senators,8,RF,631.0,,,2.272653818130493,2.272653818130493
1002692,Billy Cox,Billy Cox,BRO,Dodgers,22,3B,371.0,,,2.2368571758270264,2.2368571758270264
1005182,Warren Hacker,Warren Hacker,CHC,Cubs,17,P,84.0,221.6666,2.2346339225769043,-0.008256388828158379,2.226377533748746
1006601,Willie Jones,Willie Jones,PHI,Phillies,26,3B,571.0,,,2.22562313079834,2.22562313079834
1005893,Billy Hoeft,Billy Hoeft,DET,Tigers,6,P,76.0,197.6666,2.0336596965789795,0.15000443160533905,2.1836641281843185
1013124,Earl Torgeson,Earl Torgeson,PHI,Phillies,26,1B,437.0,,,2.169188976287842,2.169188976287842
1003902,Ferris Fain,Ferris Fain,CHW,White Sox,4,1B,564.0,,,2.1475775241851807,2.1475775241851807
1001375,Harry Brecheen,Harry Brecheen,SLB,Browns,2,P,42.0,117.3333,2.2647366523742676,-0.12101346254348755,2.14372318983078
1008875,Bob Miller,Bob Miller,PHI,Phillies,26,P,56.0,157.3333,2.3356611728668213,-0.1929716020822525,2.142689570784569
1009587,Bob Nieman,Bob Nieman,DET,Tigers,6,RF/LF,568.0,,,2.142435312271118,2.142435312271118
1006141,Sid Hudson,Sid Hudson,BOS,Red Sox,3,P,54.0,156.0,2.4109320640563965,-0.275532990694046,2.1353990733623505
1011335,Connie Ryan,Connie Ryan,- - -,- - -,0,2B,344.0,,,2.099560317583382,2.099560317583382
1008155,Billy Martin,Billy Martin,NYY,Yankees,9,2B,645.0,,,2.098658561706543,2.098658561706543
1001662,Lew Burdette,Lew Burdette,MIL,Braves,16,P,58.0,175.0,2.321851968765259,-0.24323873221874237,2.0786132365465164
1008833,Russ Meyer,Russ Meyer,BRO,Dodgers,22,P,84.0,191.3333,2.462033987045288,-0.39346009492874146,2.0685738921165466
1012976,Frank Thomas,Frank Thomas,PIT,Pirates,27,CF,510.0,,,2.0656182765960693,2.0656182765960693
1001665,Smoky Burgess,Smoky Burgess,PHI,Phillies,26,C,351.0,,,2.0623209476470947,2.0623209476470947
1009610,Willard Nixon,Willard Nixon,BOS,Red Sox,3,P,48.0,116.6666,1.9710814952850342,0.08775395900011063,2.058835454285145
1007968,Sal Maglie,Sal Maglie,NYG,Giants,30,P,56.0,145.3333,1.7982686758041382,0.2530151605606079,2.051283836364746
1008747,Sam Mele,Sam Mele,CHW,White Sox,4,RF,544.0,,,2.039031982421875,2.039031982421875
1007522,Don Lenhardt,Don Lenhardt,SLB,Browns,2,LF,347.0,,,2.0343565940856934,2.0343565940856934
1005665,Bill Henry,Bill Henry,BOS,Red Sox,3,P,32.0,85.6666,2.022372007369995,-0.03360014036297798,1.9887718670070171
1001793,Harry Byrd,Harry Byrd,PHA,Athletics,10,P,85.0,236.6666,1.979079246520996,-0.003972901031374931,1.9751063454896212
1012060,Enos Slaughter,Enos Slaughter,STL,Cardinals,28,RF,578.0,,,1.9503717422485352,1.9503717422485352
1010423,Howie Pollet,Howie Pollet,- - -,- - -,0,P,41.0,123.9999,2.0710535645484924,-0.12120811082422733,1.949845453724265
1001984,Chico Carrasquel,Chico Carrasquel,CHW,White Sox,4,SS,604.0,,,1.939736247062683,1.939736247062683
1013892,Sammy White,Sammy White,BOS,Red Sox,3,C,515.0,,,1.938624382019043,1.938624382019043
1002456,Joe Collins,Joe Collins,NYY,Yankees,9,1B,450.0,,,1.9101051092147827,1.9101051092147827
1008464,Jim McDonald,Jim McDonald,NYY,Yankees,9,P,46.0,129.6666,2.1938469409942627,-0.2906624972820282,1.9031844437122345
1011002,Jim Rivera,Jim Rivera,CHW,White Sox,4,CF,639.0,,,1.8900902271270752,1.8900902271270752
1011307,Bob Rush,Bob Rush,CHC,Cubs,17,P,60.0,166.6666,2.225125551223755,-0.3595675826072693,1.8655579686164856
1009948,Andy Pafko,Andy Pafko,MIL,Braves,16,RF,568.0,,,1.8592709302902222,1.8592709302902222
1004355,Bob Friend,Bob Friend,PIT,Pirates,27,P,56.0,170.6666,2.2133281230926514,-0.36990058422088623,1.8434275388717651
1009665,Joe Nuxhall,Joe Nuxhall,CIN,Reds,18,P,55.0,141.6666,1.002990961074829,0.8372907042503357,1.8402816653251648
1006358,Larry Jansen,Larry Jansen,NYG,Giants,30,P,69.0,184.6666,2.0503387451171875,-0.2319747507572174,1.81836399435997
1004232,Mike Fornieles,Mike Fornieles,CHW,White Sox,4,P,51.0,153.0,2.178555965423584,-0.37573862075805664,1.8028173446655273
1009711,Danny O'Connell,Danny O'Connell,PIT,Pirates,27,2B/3B,654.0,,,1.7919292449951172,1.7919292449951172
1008230,Walt Masterson,Walt Masterson,WAS,Senators,8,P,60.0,166.3333,1.8145010471343994,-0.028586581349372864,1.7859144657850266
1006066,Art Houtteman,Art Houtteman,- - -,- - -,0,P,58.0,177.66660000000002,1.8622226864099503,-0.08517418801784515,1.777048498392105
1000403,Fred Baczewski,Fred Baczewski,- - -,- - -,0,P,52.0,148.3333,1.8039474040269852,-0.028502169996500015,1.7754452340304852
1010646,Ken Raffensberger,Ken Raffensberger,CIN,Reds,18,P,65.0,174.0,2.092296838760376,-0.3238743543624878,1.7684224843978882
1010350,Duane Pillette,Duane Pillette,SLB,Browns,2,P,60.0,166.6666,1.8376249074935913,-0.07233838737010956,1.7652865201234818
1011303,Pete Runnels,Pete Runnels,WAS,Senators,8,SS,559.0,,,1.7628294229507446,1.7628294229507446
1010195,Harry Perkowski,Harry Perkowski,CIN,Reds,18,P,73.0,193.0,1.6775861978530884,0.08397569507360458,1.761561892926693
1006744,Bob Keegan,Bob Keegan,CHW,White Sox,4,P,31.0,98.6666,1.4981863498687744,0.2626250982284546,1.760811448097229
1013812,Wes Westrum,Wes Westrum,NYG,Giants,30,C,347.0,,,1.7521640062332153,1.7521640062332153
1010860,Allie Reynolds,Allie Reynolds,NYY,Yankees,9,P,49.0,145.0,1.630799651145935,0.11986509710550308,1.7506647482514381
1003733,Bob Elliott,Bob Elliott,- - -,- - -,0,3B,432.0,,,1.7480998039245605,1.7480998039245605
1000345,Joe Astroth,Joe Astroth,PHA,Athletics,10,C,289.0,,,1.7237308025360107,1.7237308025360107
1005000,Jim Greengrass,Jim Greengrass,CIN,Reds,18,LF,656.0,,,1.7077633142471313,1.7077633142471313
1012934,Wayne Terwilliger,Wayne Terwilliger,WAS,Senators,8,2B,541.0,,,1.7010701894760132,1.7010701894760132
1000067,Joe Adcock,Joe Adcock,MIL,Braves,16,1B,640.0,,,1.689680814743042,1.689680814743042
1007335,Paul LaPalme,Paul LaPalme,PIT,Pirates,27,P,63.0,176.3333,2.3709747791290283,-0.6867616176605225,1.6842131614685059
1000025,Cal Abrams,Cal Abrams,PIT,Pirates,27,RF,512.0,,,1.661228895187378,1.661228895187378
1004204,Dee Fondy,Dee Fondy,CHC,Cubs,17,1B,641.0,,,1.6577914953231812,1.6577914953231812
1003282,Murry Dickson,Murry Dickson,PIT,Pirates,27,P,67.0,200.6666,2.1899256706237793,-0.5335609912872314,1.6563646793365479
1013032,Bobby Thomson,Bobby Thomson,NYG,Giants,30,CF,656.0,,,1.6513065099716187,1.6513065099716187
1012729,Max Surkont,Max Surkont,MIL,Braves,16,P,66.0,170.0,0.9200730919837952,0.7132946252822876,1.6333677172660828
1005074,Marv Grissom,Marv Grissom,- - -,- - -,0,P,50.0,143.6666,2.1995683312416077,-0.5771940797567368,1.622374251484871
1007599,Don Liddle,Don Liddle,MIL,Braves,16,P,41.0,128.6666,1.8319846391677856,-0.2466960996389389,1.5852885395288467
1010406,Johnny Podres,Johnny Podres,BRO,Dodgers,22,P,38.0,115.0,1.2893620729446411,0.24430055916309357,1.5336626321077347
1005556,Jim Hearn,Jim Hearn,NYG,Giants,30,P,80.0,196.6666,1.5652003288269043,-0.031580619513988495,1.5336197093129158
1006604,Eddie Joost,Eddie Joost,PHA,Athletics,10,SS,224.0,,,1.53269624710083,1.53269624710083
1013984,Davey Williams,Davey Williams,NYG,Giants,30,2B,390.0,,,1.5314964056015015,1.5314964056015015
1011742,Andy Seminick,Andy Seminick,CIN,Reds,18,C,438.0,,,1.5193350315093994,1.5193350315093994
1006041,Dave Hoskins,Dave Hoskins,CLE,Indians,5,P,63.0,112.6666,1.0123071670532227,0.5056276321411133,1.517934799194336
1001637,Bob Buhl,Bob Buhl,MIL,Braves,16,P,60.0,154.3333,1.909233570098877,-0.3935651481151581,1.5156684219837189
1000677,Matt Batts,Matt Batts,DET,Tigers,6,C,399.0,,,1.5053050518035889,1.5053050518035889
1004978,Ted Gray,Ted Gray,DET,Tigers,6,P,68.0,176.0,1.150720477104187,0.32327672839164734,1.4739972054958344
1008148,Willard Marshall,Willard Marshall,CIN,Reds,18,RF,400.0,,,1.47337007522583,1.47337007522583
1007098,Jim Konstanty,Jim Konstanty,PHI,Phillies,26,P,53.0,170.6666,1.5119311809539795,-0.06159155070781708,1.4503396302461624
1004637,Dick Gernert,Dick Gernert,BOS,Red Sox,3,1B,590.0,,,1.4106767177581787,1.4106767177581787
1011459,Hank Sauer,Hank Sauer,CHC,Cubs,17,RF/LF,447.0,,,1.4035919904708862,1.4035919904708862
1009396,Ray Murray,Ray Murray,PHA,Athletics,10,C,289.0,,,1.3961528539657593,1.3961528539657593
1010404,Bud Podbielan,Bud Podbielan,CIN,Reds,18,P,61.0,186.3333,1.8107565641403198,-0.42471829056739807,1.3860382735729218
1012388,Gerry Staley,Gerry Staley,STL,Cardinals,28,P,89.0,230.0,2.066251039505005,-0.681462824344635,1.3847882151603699
1010842,Rip Repulski,Rip Repulski,STL,Cardinals,28,CF,614.0,,,1.3724459409713745,1.3724459409713745
1000045,Bobby Adams,Bobby Adams,CIN,Reds,18,3B,677.0,,,1.3616567850112915,1.3616567850112915
1000691,Frank Baumholtz,Frank Baumholtz,CHC,Cubs,17,RF/CF,567.0,,,1.3604271411895752,1.3604271411895752
1008935,Stu Miller,Stu Miller,STL,Cardinals,28,P,50.0,137.6666,1.3255615234375,0.012243425473570824,1.3378049489110708
1007230,Clem Labine,Clem Labine,BRO,Dodgers,22,P,34.0,110.3333,1.5512678623199463,-0.21617476642131805,1.3350930958986282
1007661,Dick Littlefield,Dick Littlefield,SLB,Browns,2,P,49.0,152.3333,1.39141047000885,-0.05802205577492714,1.333388414233923
1007699,Billy Loes,Billy Loes,BRO,Dodgers,22,P,59.0,162.6666,1.6831464767456055,-0.3610767126083374,1.322069764137268
1008836,Cass Michaels,Cass Michaels,PHA,Athletics,10,2B,469.0,,,1.319966435432434,1.319966435432434
1001151,Don Bollweg,Don Bollweg,NYY,Yankees,9,1B,178.0,,,1.31071138381958,1.31071138381958
1001343,Ralph Branca,Ralph Branca,- - -,- - -,0,P,37.0,113.0,1.4344719648361206,-0.13874351978302002,1.2957284450531006
1005752,Johnny Hetki,Johnny Hetki,PIT,Pirates,27,P,26.0,118.3333,1.1569184064865112,0.12530018389225006,1.2822185903787613
1008126,Connie Marrero,Connie Marrero,WAS,Senators,8,P,54.0,145.6666,1.3972581624984741,-0.126595601439476,1.270662561058998
1013225,Bob Turley,Bob Turley,SLB,Browns,2,P,21.0,60.3333,1.0285059213638306,0.2130184918642044,1.241524413228035
1009628,Irv Noren,Irv Noren,NYY,Yankees,9,RF/CF,391.0,,,1.2352731227874756,1.2352731227874756
1003411,Harry Dorish,Harry Dorish,CHW,White Sox,4,P,44.0,145.6666,1.3632477521896362,-0.17059189081192017,1.192655861377716
1007749,Stan Lopata,Stan Lopata,PHI,Phillies,26,C,266.0,,,1.1920298337936401,1.1920298337936401
1003975,Bob Feller,Bob Feller,CLE,Indians,5,P,70.0,175.6666,1.3886457681655884,-0.19973352551460266,1.1889122426509857
1005237,Bob Hall,Bob Hall,PIT,Pirates,27,P,41.0,152.0,1.2175266742706299,-0.03903144598007202,1.1784952282905579
1007013,Johnny Klippstein,Johnny Klippstein,CHC,Cubs,17,P,62.0,167.6666,1.3588141202926636,-0.1857241690158844,1.1730899512767792
1004173,Ben Flowers,Ben Flowers,BOS,Red Sox,3,P,20.0,79.3333,1.2246484756469727,-0.05635358765721321,1.1682948879897594
1010522,Joe Presko,Joe Presko,STL,Cardinals,28,P,67.0,161.6666,1.0420451164245605,0.11566277593374252,1.157707892358303
1014260,Al Worthington,Al Worthington,NYG,Giants,30,P,37.0,102.0,1.475217342376709,-0.32275161147117615,1.1524657309055328
1010219,Johnny Pesky,Johnny Pesky,DET,Tigers,6,2B,342.0,,,1.1475095748901367,1.1475095748901367
1008943,Bob Milliken,Bob Milliken,BRO,Dodgers,22,P,37.0,117.6666,1.36290442943573,-0.21923226118087769,1.1436721682548523
1007187,Dick Kryhoski,Dick Kryhoski,SLB,Browns,2,1B,369.0,,,1.1102615594863892,1.1102615594863892
1013449,Clyde Vollmer,Clyde Vollmer,- - -,- - -,0,LF,461.0,,,1.1010224632918835,1.1010224632918835
1012290,Steve Souchock,Steve Souchock,DET,Tigers,6,RF/LF,290.0,,,1.0986299514770508,1.0986299514770508
1012642,Marlin Stuart,Marlin Stuart,SLB,Browns,2,P,26.0,114.3333,1.137516736984253,-0.049901485443115234,1.0876152515411377
1009172,Bobby Morgan,Bobby Morgan,BRO,Dodgers,22,3B/SS,232.0,,,1.086763858795166,1.086763858795166
1004742,Joe Ginsberg,Joe Ginsberg,- - -,- - -,0,C,192.0,,,1.0822031199932098,1.0822031199932098
1006922,Ellis Kinder,Ellis Kinder,BOS,Red Sox,3,P,30.0,107.0,0.6832547187805176,0.3440890908241272,1.0273438096046448
1007118,Dave Koslo,Dave Koslo,NYG,Giants,30,P,34.0,111.6666,1.4614514112472534,-0.4548436403274536,1.0066077709197998
1002547,Sandy Consuegra,Sandy Consuegra,- - -,- - -,0,P,42.0,129.0,1.4351850263774395,-0.45263633131980896,0.9825486950576305
1013081,Joe Tipton,Joe Tipton,CLE,Indians,5,C,131.0,,,0.9747124314308167,0.9747124314308167
1010896,Hal Rice,Hal Rice,- - -,- - -,0,LF,313.0,,,0.9739202819764614,0.9739202819764614
1010894,Del Rice,Del Rice,STL,Cardinals,28,C,480.0,,,0.9657952785491943,0.9657952785491943
1004348,Marion Fricano,Marion Fricano,PHA,Athletics,10,P,76.0,211.0,1.1896940469741821,-0.2274361401796341,0.962257906794548
1003640,Luke Easter,Luke Easter,CLE,Indians,5,1B,230.0,,,0.9542393684387207,0.9542393684387207
1001943,Andy Carey,Andy Carey,NYY,Yankees,9,3B,91.0,,,0.9539794325828552,0.9539794325828552
1001820,Bob Cain,Bob Cain,SLB,Browns,2,P,31.0,99.6666,0.9172914028167725,0.025827573612332344,0.9431189764291048
1005915,Bobby Hofman,Bobby Hofman,NYG,Giants,30,2B/3B,182.0,,,0.9175866842269897,0.9175866842269897
1011752,Bill Serena,Bill Serena,CHC,Cubs,17,2B/3B,319.0,,,0.896731972694397,0.896731972694397
1008184,Morrie Martin,Morrie Martin,PHA,Athletics,10,P,44.0,156.3333,1.2964649200439453,-0.43815717101097107,0.8583077490329742
1011841,Spec Shea,Spec Shea,WAS,Senators,8,P,68.0,164.6666,0.8799698352813721,-0.02362285926938057,0.8563469760119915
1011143,Saul Rogovin,Saul Rogovin,CHW,White Sox,4,P,46.0,131.0,0.7618780732154846,0.07552470266819,0.8374027758836746
1010836,Bill Renna,Bill Renna,NYY,Yankees,9,LF,137.0,,,0.8312272429466248,0.8312272429466248
1007083,Dick Kokos,Dick Kokos,SLB,Browns,2,RF/LF,357.0,,,0.8290678858757019,0.8290678858757019
1011122,Preacher Roe,Preacher Roe,BRO,Dodgers,22,P,65.0,157.0,1.448289155960083,-0.6225242614746094,0.8257648944854736
1009278,Don Mueller,Don Mueller,NYG,Giants,30,RF,502.0,,,0.8142861127853394,0.8142861127853394
1003344,Joe Dobson,Joe Dobson,CHW,White Sox,4,P,31.0,100.6666,1.0630038976669312,-0.2677639424800873,0.7952399551868439
1007309,Jerry Lane,Jerry Lane,WAS,Senators,8,P,12.0,56.6666,0.7115954756736755,0.04580440744757652,0.7573998831212521
1008114,Dick Marlowe,Dick Marlowe,DET,Tigers,6,P,33.0,119.6666,0.7668123245239258,-0.020072292536497116,0.7467400319874287
1002414,Dick Cole,Dick Cole,PIT,Pirates,27,SS,280.0,,,0.7449773550033569,0.7449773550033569
1011063,Eddie Robinson,Eddie Robinson,PHA,Athletics,10,1B,685.0,,,0.7311873435974121,0.7311873435974121
1010156,Jim Pendleton,Jim Pendleton,MIL,Braves,16,LF,261.0,,,0.7238861918449402,0.7238861918449402
1008435,Clyde McCullough,Clyde McCullough,CHC,Cubs,17,C,247.0,,,0.7168616652488708,0.7168616652488708
1009251,Les Moss,Les Moss,SLB,Browns,2,C,259.0,,,0.711083173751831,0.711083173751831
1003499,Karl Drews,Karl Drews,PHI,Phillies,26,P,64.0,185.3333,1.0591421127319336,-0.35220327973365784,0.7069388329982758
1014089,Jim Wilson,Jim Wilson,MIL,Braves,16,P,40.0,114.0,0.686427891254425,0.017997903749346733,0.7044257950037718
1012501,Vern Stephens,Vern Stephens,- - -,- - -,0,3B,329.0,,,0.6892697513103485,0.6892697513103485
1006454,Ernie Johnson,Ernie Johnson,MIL,Braves,16,P,15.0,81.0,0.8550527691841125,-0.17209337651729584,0.6829593926668167
1002297,Mel Clark,Mel Clark,PHI,Phillies,26,RF,212.0,,,0.6676619052886963,0.6676619052886963
1001371,Al Brazle,Al Brazle,STL,Cardinals,28,P,17.0,92.0,0.5030555725097656,0.15148858726024628,0.6545441597700119
1003891,Roy Face,Roy Face,PIT,Pirates,27,P,34.0,119.0,0.8947224020957947,-0.24442724883556366,0.650295153260231
1005080,Steve Gromek,Steve Gromek,- - -,- - -,0,P,49.0,136.66660000000002,1.2214347422122955,-0.5721524395048618,0.6492823027074337
1006156,Jim Hughes,Jim Hughes,BRO,Dodgers,22,P,15.0,85.6666,0.5898274779319763,0.0508873276412487,0.640714805573225
1010950,Steve Ridzik,Steve Ridzik,PHI,Phillies,26,P,40.0,124.0,0.4774293601512909,0.16224464774131775,0.6396740078926086
1000966,Steve Bilko,Steve Bilko,STL,Cardinals,28,1B,641.0,,,0.6131110191345215,0.6131110191345215
1007694,Whitey Lockman,Whitey Lockman,NYG,Giants,30,1B,664.0,,,0.5978100895881653,0.5978100895881653
1000016,Al Aber,Al Aber,- - -,- - -,0,P,27.0,72.6666,0.6379233300685883,-0.042989328503608704,0.5949340015649796
1014102,Red Wilson,Red Wilson,CHW,White Sox,4,C,193.0,,,0.5749051570892334,0.5749051570892334
1014006,Jim Willis,Jim Willis,CHC,Cubs,17,P,11.0,43.3333,0.6959986686706543,-0.13207729160785675,0.5639213770627975
1003179,Ike Delock,Ike Delock,BOS,Red Sox,3,P,11.0,48.6666,0.5979117155075073,-0.061344847083091736,0.5365668684244156
1013278,Tom Umphlett,Tom Umphlett,BOS,Red Sox,3,CF,538.0,,,0.5246382355690002,0.5246382355690002
1001149,Milt Bolling,Milt Bolling,BOS,Red Sox,3,SS,362.0,,,0.5243358016014099,0.5243358016014099
1011538,Carl Scheib,Carl Scheib,PHA,Athletics,10,P,43.0,96.0,0.5425212979316711,-0.02205207198858261,0.5204692259430885
1012910,Johnny Temple,Johnny Temple,CIN,Reds,18,2B,120.0,,,0.5078009963035583,0.5078009963035583
1001600,Bill Bruton,Bill Bruton,MIL,Braves,16,CF,668.0,,,0.5024524927139282,0.5024524927139282
1004487,Joe Garagiola,Joe Garagiola,- - -,- - -,0,C,337.0,,,0.5022897720336914,0.5022897720336914
1000512,Ernie Banks,Ernie Banks,CHC,Cubs,17,SS,39.0,,,0.5012736916542053,0.5012736916542053
1004761,Tommy Glaviano,Tommy Glaviano,PHI,Phillies,26,2B/3B,102.0,,,0.4968804121017456,0.4968804121017456
1005582,Jim Hegan,Jim Hegan,CLE,Indians,5,C,329.0,,,0.4936275780200958,0.4936275780200958
1013936,Del Wilber,Del Wilber,BOS,Red Sox,3,C,120.0,,,0.4931948482990265,0.4931948482990265
1008643,Roy McMillan,Roy McMillan,CIN,Reds,18,SS,610.0,,,0.48866990208625793,0.48866990208625793
1006438,Connie Johnson,Connie Johnson,CHW,White Sox,4,P,23.0,60.6666,0.6652833819389343,-0.18004533648490906,0.48523804545402527
1012249,Jerry Snyder,Jerry Snyder,WAS,Senators,8,SS,67.0,,,0.4839323163032532,0.4839323163032532
1011959,Roy Sievers,Roy Sievers,SLB,Browns,2,1B,323.0,,,0.4724370837211609,0.4724370837211609
1011971,Charles Silvera,Charlie Silvera,NYY,Yankees,9,C,94.0,,,0.4703579246997833,0.4703579246997833
1012517,Bud Stewart,Bud Stewart,CHW,White Sox,4,RF/LF,73.0,,,0.4520281255245209,0.4520281255245209
1005489,Fred Hatfield,Fred Hatfield,DET,Tigers,6,2B/3B,358.0,,,0.44669920206069946,0.44669920206069946
1010254,Paul Pettit,Paul Pettit,PIT,Pirates,27,P,11.0,28.0,0.34729471802711487,0.09298877418041229,0.44028349220752716
1003186,Joe Demaestri,Joe DeMaestri,PHA,Athletics,10,SS,452.0,,,0.4249417185783386,0.4249417185783386
1003333,Sonny Dixon,Sonny Dixon,WAS,Senators,8,P,32.0,120.0,0.34628260135650635,0.07719746232032776,0.4234800636768341
1009962,Satchel Paige,Satchel Paige,SLB,Browns,2,P,30.0,117.3333,0.7747154831886292,-0.3657230734825134,0.4089924097061157
1009611,Ray Noble,Ray Noble,NYG,Giants,30,C,119.0,,,0.4082275331020355,0.4082275331020355
1005684,Ray Herbert,Ray Herbert,DET,Tigers,6,P,21.0,87.6666,0.41080740094184875,-0.013651174493134022,0.39715622644871473
1007835,Don Lund,Don Lund,DET,Tigers,6,RF/LF,470.0,,,0.3782758414745331,0.3782758414745331
1009014,Johnny Mize,Johnny Mize,NYY,Yankees,9,1B,118.0,,,0.3772091567516327,0.3772091567516327
1000787,Wayne Belardi,Wayne Belardi,BRO,Dodgers,22,1B,180.0,,,0.36574193835258484,0.36574193835258484
1001275,Bob Boyd,Bob Boyd,CHW,White Sox,4,1B/LF,182.0,,,0.3639742136001587,0.3639742136001587
1007226,Bob Kuzava,Bob Kuzava,NYY,Yankees,9,P,26.0,92.3333,0.45396625995635986,-0.0936363935470581,0.36032986640930176
1009308,Pat Mullin,Pat Mullin,DET,Tigers,6,RF/LF,111.0,,,0.35968825221061707,0.35968825221061707
1012090,Al Smith,Al Smith,CLE,Indians,5,RF,173.0,,,0.3577921390533447,0.3577921390533447
1007300,Hobie Landrith,Hobie Landrith,CIN,Reds,18,C,167.0,,,0.3472341299057007,0.3472341299057007
1004319,Hersh Freeman,Hersh Freeman,BOS,Red Sox,3,P,11.0,39.0,0.46558070182800293,-0.11986839771270752,0.3457123041152954
1008006,Hank Majeski,Hank Majeski,CLE,Indians,5,2B/3B,55.0,,,0.33623889088630676,0.33623889088630676
1012710,Russ Sullivan,Russ Sullivan,DET,Tigers,6,LF,88.0,,,0.3230607807636261,0.3230607807636261
1006286,Ray Jablonski,Ray Jablonski,STL,Cardinals,28,3B,640.0,,,0.3196977376937866,0.3196977376937866
1012406,Eddie Stanky,Eddie Stanky,STL,Cardinals,28,2B,40.0,,,0.30915331840515137,0.30915331840515137
1006238,Fred Hutchinson,Fred Hutchinson,DET,Tigers,6,P/1B,6.0,9.6666,0.28395265340805054,0.016166217625141144,0.3001188710331917
1009526,Ernie Nevel,Ernie Nevel,CIN,Reds,18,P,,10.3333,0.2943975627422333,0.0,0.2943975627422333
1000990,Charlie Bishop,Charlie Bishop,PHA,Athletics,10,P,58.0,160.6666,0.7263316512107849,-0.4398950934410095,0.2864365577697754
1008118,Bob Marquis,Bob Marquis,CIN,Reds,18,CF,50.0,,,0.2772803008556366,0.2772803008556366
1002825,George Crowe,George Crowe,MIL,Braves,16,1B,45.0,,,0.2735093832015991,0.2735093832015991
1002427,Joe Coleman,Joe Coleman,PHA,Athletics,10,P,29.0,90.0,0.04965759441256523,0.21683011949062347,0.2664877139031887
1009554,Bill Nicholson,Bill Nicholson,PHI,Phillies,26,RF,74.0,,,0.26555290818214417,0.26555290818214417
1001418,Jim Brideweser,Jim Brideweser,NYY,Yankees,9,SS,4.0,,,0.26289448142051697,0.26289448142051697
1011940,George Shuba,George Shuba,BRO,Dodgers,22,LF,189.0,,,0.25575339794158936,0.25575339794158936
1007545,Ted Lepcio,Ted Lepcio,BOS,Red Sox,3,2B/SS,181.0,,,0.25349146127700806,0.25349146127700806
1006795,Bob Kelly,Bob Kelly,- - -,- - -,0,P,19.0,83.3333,0.41026655584573746,-0.18355527520179749,0.22671128064393997
1005963,Bobo Holloman,Bobo Holloman,SLB,Browns,2,P,22.0,65.3333,0.435573548078537,-0.209176704287529,0.226396843791008
1013532,Rube Walker,Rube Walker,BRO,Dodgers,22,C,103.0,,,0.2231115996837616,0.2231115996837616
1012669,Pete Suder,Pete Suder,PHA,Athletics,10,2B/3B,474.0,,,0.21927684545516968,0.21927684545516968
1004107,Ed Fitz Gerald,Ed Fitz Gerald,- - -,- - -,0,C,328.0,,,0.2166602909564972,0.2166602909564972
1005496,Grady Hatton,Grady Hatton,CIN,Reds,18,2B,191.0,,,0.211153045296669,0.211153045296669
1009165,Julio Moreno,Julio Moreno,WAS,Senators,8,P,10.0,35.3333,0.31142017245292664,-0.10391610860824585,0.2075040638446808
1002093,Phil Cavarretta,Phil Cavarretta,CHC,Cubs,17,PH/PR,27.0,,,0.20521700382232666,0.20521700382232666
1014400,Sal Yvars,Sal Yvars,- - -,- - -,0,C,117.0,,,0.19934609159827232,0.19934609159827232
1013877,Hal White,Hal White,- - -,- - -,0,P,19.0,94.9999,0.4096878468990326,-0.21894305013120174,0.19074479676783085
1000452,Floyd Baker,Floyd Baker,- - -,- - -,0,2B/3B,208.0,,,0.18979743868112564,0.18979743868112564
1011585,Johnny Schmitz,Johnny Schmitz,- - -,- - -,0,P,38.0,111.9999,0.6406096071004868,-0.4559037946164608,0.18470581248402596
1001270,Roger Bowman,Roger Bowman,PIT,Pirates,27,P,8.0,65.3333,0.12050995975732803,0.062220994383096695,0.18273095414042473
1002676,Clint Courtney,Clint Courtney,SLB,Browns,2,C,384.0,,,0.17485475540161133,0.17485475540161133
1010118,Les Peden,Les Peden,WAS,Senators,8,C,33.0,,,0.17466840147972107,0.17466840147972107
1013786,Bill Werle,Bill Werle,BOS,Red Sox,3,P,3.0,11.6666,0.1598871350288391,0.0056444494985044,0.1655315845273435
1003567,Grant Dunlap,Grant Dunlap,STL,Cardinals,28,RF,17.0,,,0.16333097219467163,0.16333097219467163
1001615,Johnny Bucha,Johnny Bucha,DET,Tigers,6,C,180.0,,,0.15430347621440887,0.15430347621440887
1004413,Les Fusselman,Les Fusselman,STL,Cardinals,28,C,9.0,,,0.14256392419338226,0.14256392419338226
1002113,Bob Chakales,Bob Chakales,CLE,Indians,5,P,7.0,27.0,0.10482002049684525,0.034980665892362595,0.13980068638920784
1007161,Lou Kretlow,Lou Kretlow,- - -,- - -,0,P,32.0,101.6666,0.22881397604942322,-0.09141285717487335,0.13740111887454987
1007550,George Lerchen,George Lerchen,CIN,Reds,18,CF,22.0,,,0.13726486265659332,0.13726486265659332
1008991,Willy Miranda,Willy Miranda,- - -,- - -,0,SS,70.0,,,0.1359458491206169,0.1359458491206169
1002120,Cliff Chambers,Cliff Chambers,STL,Cardinals,28,P,17.0,79.6666,0.25467735528945923,-0.12369848042726517,0.13097887486219406
1014297,Tom Wright,Tom Wright,CHW,White Sox,4,RF/LF,147.0,,,0.1297130137681961,0.1297130137681961
1006426,Billy Johnson,Billy Johnson,STL,Cardinals,28,3B,6.0,,,0.12564809620380402,0.12564809620380402
1012561,Dean Stone,Dean Stone,WAS,Senators,8,P,2.0,8.6666,0.1496327668428421,-0.032487932592630386,0.11714483425021172
1012789,Bob Swift,Bob Swift,DET,Tigers,6,C,5.0,,,0.11261550337076187,0.11261550337076187
1006373,Joey Jay,Joey Jay,MIL,Braves,16,P,3.0,10.0,0.16237688064575195,-0.05027562752366066,0.1121012531220913
1012691,Frank Sullivan,Frank Sullivan,BOS,Red Sox,3,P,4.0,25.6666,0.1008920893073082,0.0035161818377673626,0.10440827114507556
1000421,Ed Bailey,Ed Bailey,CIN,Reds,18,C,9.0,,,0.09574927389621735,0.09574927389621735
1011849,Bud Sheely,Bud Sheely,CHW,White Sox,4,C,56.0,,,0.09195557981729507,0.09195557981729507
1011358,Frank Sacka,Frank Sacka,WAS,Senators,8,C,22.0,,,0.09075554460287094,0.09075554460287094
1011475,Carl Sawatski,Carl Sawatski,CHC,Cubs,17,C,66.0,,,0.08651630580425262,0.08651630580425262
1013493,Eddie Waitkus,Eddie Waitkus,PHI,Phillies,26,1B,262.0,,,0.08282266557216644,0.08282266557216644
1003013,Pompeyo Davalillo,Yo-Yo Davalillo,WAS,Senators,8,SS,64.0,,,0.0787389948964119,0.0787389948964119
1013291,Dixie Upright,Dixie Upright,SLB,Browns,2,PH/PR,9.0,,,0.0781397819519043,0.0781397819519043
1002298,Mike Clark,Mike Clark,STL,Cardinals,28,P,6.0,35.6666,0.1734205037355423,-0.10637658834457397,0.06704391539096832
1001133,Dick Bokelmann,Dick Bokelmann,STL,Cardinals,28,P,,3.0,0.06137454882264137,0.0,0.06137454882264137
1003925,Frank Fanovich,Frank Fanovich,PHA,Athletics,10,P,11.0,61.6666,0.09808310866355896,-0.03902638331055641,0.05905672535300255
1000909,Neil Berry,Neil Berry,- - -,- - -,0,2B/3B,120.0,,,0.05785920470952988,0.05785920470952988
1011589,Willard Schmidt,Willard Schmidt,STL,Cardinals,28,P,4.0,17.6666,0.12501020729541779,-0.07091772556304932,0.05409248173236847
1006646,Howie Judson,Howie Judson,CIN,Reds,18,P,14.0,38.6666,-0.06980918347835541,0.11587537080049515,0.04606618732213974
1002413,Dave Cole,Dave Cole,MIL,Braves,16,P,2.0,14.6666,-0.08868592977523804,0.1333683580160141,0.04468242824077606
1013948,Spider Wilhelm,Spider Wilhelm,PHA,Athletics,10,SS,7.0,,,0.04463939368724823,0.04463939368724823
1010692,Dick Rand,Dick Rand,STL,Cardinals,28,C,34.0,,,0.04221968725323677,0.04221968725323677
1005397,Bill Harrington,Bill Harrington,PHA,Athletics,10,P,,2.0,0.03889581561088562,0.0,0.03889581561088562
1010884,Dusty Rhodes,Dusty Rhodes,NYG,Giants,30,RF/LF,173.0,,,0.037645597010850906,0.037645597010850906
1013183,Bob Trice,Bob Trice,PHA,Athletics,10,P,8.0,23.0,0.004748112987726927,0.02865273505449295,0.03340084804221988
1008153,Barney Martin,Barney Martin,CIN,Reds,18,P,,2.0,0.031280871480703354,0.0,0.031280871480703354
1003759,Don Elston,Don Elston,CHC,Cubs,17,P,1.0,5.0,0.04776770621538162,-0.017856314778327942,0.02991139143705368
1007794,Peanuts Lowrey,Peanuts Lowrey,STL,Cardinals,28,RF,198.0,,,0.029779167845845222,0.029779167845845222
1009035,Bill Moisan,Bill Moisan,CHC,Cubs,17,P,,5.0,0.027666470035910606,0.0,0.027666470035910606
1009535,Hal Newhouser,Hal Newhouser,DET,Tigers,6,P,9.0,21.6666,-0.17683467268943787,0.20342595875263214,0.026591286063194275
1013945,Hoyt Wilhelm,Hoyt Wilhelm,NYG,Giants,30,P,42.0,145.0,-0.05162923038005829,0.07585953176021576,0.02423030138015747
1002011,Frank Carswell,Frank Carswell,DET,Tigers,6,LF,18.0,,,0.023202871903777122,0.023202871903777122
1014398,Eddie Yuhas,Eddie Yuhas,STL,Cardinals,28,P,,1.0,0.020328978076577187,0.0,0.020328978076577187
1013335,Elmer Valo,Elmer Valo,PHA,Athletics,10,RF/LF,107.0,,,0.017372211441397667,0.017372211441397667
1006834,Bill Kennedy,Bill Kennedy,BOS,Red Sox,3,P,3.0,24.3333,-0.041513487696647644,0.057984478771686554,0.01647099107503891
1001019,Joe Black,Joe Black,BRO,Dodgers,22,P,17.0,72.6666,0.021380996331572533,-0.005665437318384647,0.015715559013187885
1003740,Harry Elliott,Harry Elliott,STL,Cardinals,28,LF,63.0,,,0.014039193280041218,0.014039193280041218
1006135,Hal Hudson,Hal Hudson,CHW,White Sox,4,P,,0.6666,0.011789394542574883,0.0,0.011789394542574883
1010930,Al Richter,Al Richter,BOS,Red Sox,3,SS,,,,0.006172083783894777,0.006172083783894777
1003214,Sam Dente,Sam Dente,CHW,White Sox,4,SS,,,,0.006172083783894777,0.006172083783894777
1013410,Frank Verdi,Frank Verdi,NYY,Yankees,9,SS,,,,0.006172083783894777,0.006172083783894777
1009125,Ray Moore,Ray Moore,BRO,Dodgers,22,P,3.0,8.0,0.05884631350636482,-0.05325036868453026,0.005595944821834564
1004886,Tom Gorman,Tom Gorman,NYY,Yankees,9,P,17.0,77.0,0.055476851761341095,-0.05128445103764534,0.004192400723695755
1012322,George Spencer,George Spencer,NYG,Giants,30,P,,2.3333,0.002919490449130535,0.0,0.002919490449130535
1013962,Ted Wilks,Ted Wilks,CLE,Indians,5,P,,3.6666,0.0012507375795394182,0.0,0.0012507375795394182
1010290,Eddie Phillips,Eddie Phillips,STL,Cardinals,28,PH/PR,,,,0.0,0.0
1011624,Art Schult,Art Schult,NYY,Yankees,9,PH/PR,,,,0.0,0.0
1012647,Paul Stuffel,Paul Stuffel,PHI,Phillies,26,P,,0.0,0.0,0.0,0.0
1001035,Ed Blake,Ed Blake,CIN,Reds,18,P,,0.0,0.0,0.0,0.0
1003310,Dom DiMaggio,Dom DiMaggio,BOS,Red Sox,3,PH/PR,3.0,,,-0.0007362719625234604,-0.0007362719625234604
1005940,Ken Holcombe,Ken Holcombe,BOS,Red Sox,3,P,3.0,6.0,0.05098281428217888,-0.052879106253385544,-0.001896291971206665
1009763,Bob Oldis,Bob Oldis,WAS,Senators,8,C,17.0,,,-0.002312628785148263,-0.002312628785148263
1008517,Ed McGhee,Ed McGhee,PHA,Athletics,10,CF,399.0,,,-0.004892735276371241,-0.004892735276371241
1011609,Paul Schramka,Paul Schramka,CHC,Cubs,17,LF,,,,-0.004937666933983564,-0.004937666933983564
1008116,Fred Marolewski,Fred Marolewski,STL,Cardinals,28,1B,,,,-0.006172083783894777,-0.006172083783894777
1010133,Eddie Pellagrini,Eddie Pellagrini,PIT,Pirates,27,2B/3B,189.0,,,-0.006941876839846373,-0.006941876839846373
1008152,Babe Martin,Babe Martin,SLB,Browns,2,C,3.0,,,-0.009067986160516739,-0.009067986160516739
1005174,Bob Habenicht,Bob Habenicht,SLB,Browns,2,P,,1.6665999999999999,-0.009855839423835278,0.0,-0.009855839423835278
1006051,Ralph Houk,Ralph Houk,NYY,Yankees,9,C,9.0,,,-0.01152742002159357,-0.01152742002159357
1001728,Paul Burris,Paul Burris,MIL,Braves,16,C,1.0,,,-0.011707316152751446,-0.011707316152751446
1011864,Jack Shepard,Jack Shepard,PIT,Pirates,27,C,4.0,,,-0.01497887633740902,-0.01497887633740902
1001204,Bob Borkowski,Bob Borkowski,CIN,Reds,18,RF,273.0,,,-0.017162922769784927,-0.017162922769784927
1007899,Bill MacDonald,Bill MacDonald,PIT,Pirates,27,P,1.0,7.3333,-5.2372910431586206e-05,-0.018043234944343567,-0.018095607854775153
1009046,Rinty Monahan,Rinty Monahan,PHA,Athletics,10,P,2.0,10.6666,0.015808667987585068,-0.034012675285339355,-0.018204007297754288
1006786,Walt Kellner,Walt Kellner,PHA,Athletics,10,P,,3.0,-0.019694838672876358,0.0,-0.019694838672876358
1008873,Bill Miller,Bill Miller,NYY,Yankees,9,P,11.0,34.0,-0.04002567380666733,0.02028043195605278,-0.019745241850614548
1009978,Stan Palys,Stan Palys,PHI,Phillies,26,RF,3.0,,,-0.02062092162668705,-0.02062092162668705
1000917,Reno Bertoia,Reno Bertoia,DET,Tigers,6,2B,1.0,,,-0.02100514993071556,-0.02100514993071556
1014080,George Wilson,George Wilson,NYG,Giants,30,PH/PR,11.0,,,-0.02229662612080574,-0.02229662612080574
1007087,Don Kolloway,Don Kolloway,PHA,Athletics,10,3B,1.0,,,-0.023064862936735153,-0.023064862936735153
1006678,Al Kaline,Al Kaline,DET,Tigers,6,CF/LF,30.0,,,-0.02340426668524742,-0.02340426668524742
1004327,George Freese,George Freese,DET,Tigers,6,PH/PR,1.0,,,-0.024091191589832306,-0.024091191589832306
1012393,Virgil Stallcup,Virgil Stallcup,STL,Cardinals,28,PH/PR,1.0,,,-0.025022372603416443,-0.025022372603416443
1006095,Dixie Howell,Dixie Howell,BRO,Dodgers,22,PH/PR,1.0,,,-0.02504306472837925,-0.02504306472837925
1012903,Dick Teed,Dick Teed,BRO,Dodgers,22,PH/PR,1.0,,,-0.02504306472837925,-0.02504306472837925
1007116,Clem Koshorek,Clem Koshorek,PIT,Pirates,27,PH/PR,1.0,,,-0.02533617615699768,-0.02533617615699768
1002225,Bubba Church,Bubba Church,- - -,- - -,0,P,51.0,147.9999,-0.2187800407409668,0.1915305033326149,-0.027249537408351898
1003808,Hal Erickson,Hal Erickson,DET,Tigers,6,P,4.0,32.3333,0.03628159314393997,-0.06719300150871277,-0.030911408364772797
1008002,Woody Main,Woody Main,PIT,Pirates,27,P,,4.0,-0.031549129635095596,0.0,-0.031549129635095596
1002601,Walker Cooper,Walker Cooper,MIL,Braves,16,C,151.0,,,-0.03239525482058525,-0.03239525482058525
1011176,John Romonosky,John Romonosky,STL,Cardinals,28,P,2.0,7.6666,-0.003792752744629979,-0.03545886278152466,-0.03925161552615464
1007922,John Mackinson,John Mackinson,PHA,Athletics,10,P,,1.3333,-0.039258379489183426,0.0,-0.039258379489183426
1012812,Bob Talbot,Bob Talbot,CHC,Cubs,17,CF,32.0,,,-0.03930513188242912,-0.03930513188242912
1005096,Johnny Groth,Johnny Groth,SLB,Browns,2,CF,610.0,,,-0.041432399302721024,-0.041432399302721024
1009551,Gus Niarhos,Gus Niarhos,BOS,Red Sox,3,C,41.0,,,-0.04301924630999565,-0.04301924630999565
1000068,Bob Addis,Bob Addis,- - -,- - -,0,RF/CF,17.0,,,-0.04384166747331619,-0.04384166747331619
1011013,Mel Roach,Mel Roach,MIL,Braves,16,2B,2.0,,,-0.045016925781965256,-0.045016925781965256
1000388,Dick Aylward,Dick Aylward,CLE,Indians,5,C,3.0,,,-0.04564591124653816,-0.04564591124653816
1004744,Tommy Giordano,Tommy Giordano,PHA,Athletics,10,2B,45.0,,,-0.045775800943374634,-0.045775800943374634
1005304,Harry Hanebrink,Harry Hanebrink,MIL,Braves,16,2B,87.0,,,-0.047276146709918976,-0.047276146709918976
1001099,Mike Blyzka,Mike Blyzka,SLB,Browns,2,P,26.0,94.3333,0.33829396963119507,-0.38629594445228577,-0.0480019748210907
1006986,Billy Klaus,Billy Klaus,MIL,Braves,16,PH/PR,2.0,,,-0.048102967441082,-0.048102967441082
1000555,Bruce Barmes,Bruce Barmes,WAS,Senators,8,RF,5.0,,,-0.04860054701566696,-0.04860054701566696
1014364,Bobby Young,Bobby Young,SLB,Browns,2,2B,593.0,,,-0.05627730116248131,-0.05627730116248131
1002423,Jerry Coleman,Jerry Coleman,NYY,Yankees,9,2B,11.0,,,-0.06482569873332977,-0.06482569873332977
1009463,Pete Naton,Pete Naton,PIT,Pirates,27,C,14.0,,,-0.06492768228054047,-0.06492768228054047
1000850,Vern Benson,Vern Benson,STL,Cardinals,28,PH/PR,5.0,,,-0.06658830493688583,-0.06658830493688583
1008422,Barney McCosky,Barney McCosky,CLE,Indians,5,PH/PR,22.0,,,-0.07219872623682022,-0.07219872623682022
1012518,Bunky Stewart,Bunky Stewart,WAS,Senators,8,P,5.0,15.3333,-0.06800331920385361,-0.007198175881057978,-0.07520149508491158
1006377,Hal Jeffcoat,Hal Jeffcoat,CHC,Cubs,17,CF,207.0,,,-0.07566754519939423,-0.07566754519939423
1012121,Dick Smith,Dick Smith,PIT,Pirates,27,SS,49.0,,,-0.07735615223646164,-0.07735615223646164
1003956,Jack Faszholz,Jack Faszholz,STL,Cardinals,28,P,3.0,11.6666,-0.025167347863316536,-0.05318829417228699,-0.07835564203560352
1011151,Tony Roig,Tony Roig,WAS,Senators,8,2B,8.0,,,-0.07844299077987671,-0.07844299077987671
1013408,Gene Verble,Gene Verble,WAS,Senators,8,SS,24.0,,,-0.08450113236904144,-0.08450113236904144
1006612,Milt Jordan,Milt Jordan,DET,Tigers,6,P,2.0,17.0,-0.12546126544475555,0.04042515903711319,-0.08503610640764236
1011514,Art Schallock,Art Schallock,NYY,Yankees,9,P,6.0,21.3333,-0.1382245570421219,0.052502695471048355,-0.08572186157107353
1013106,Dick Tomanek,Dick Tomanek,CLE,Indians,5,P,5.0,9.0,-0.01053606253117323,-0.08075904101133347,-0.0912951035425067
1008793,Jack Merson,Jack Merson,BOS,Red Sox,3,2B,4.0,,,-0.09659120440483093,-0.09659120440483093
1001826,Sam Calderone,Sam Calderone,NYG,Giants,30,C,46.0,,,-0.09805170446634293,-0.09805170446634293
1010468,Wally Post,Wally Post,CIN,Reds,18,RF/CF,37.0,,,-0.10081759095191956,-0.10081759095191956
1001900,Frank Campos,Frank Campos,WAS,Senators,8,PH/PR,10.0,,,-0.10282386094331741,-0.10282386094331741
1008308,Jackie Mayo,Jackie Mayo,PHI,Phillies,26,RF,4.0,,,-0.10388008505105972,-0.10388008505105972
1002107,Bob Cerv,Bob Cerv,NYY,Yankees,9,PH/PR,7.0,,,-0.1039910838007927,-0.1039910838007927
1013933,Bill Wight,Bill Wight,- - -,- - -,0,P,12.0,51.9999,-0.1280011534690857,0.02371818572282791,-0.10428296774625778
1006772,Frank Kellert,Frank Kellert,SLB,Browns,2,1B,4.0,,,-0.10452359169721603,-0.10452359169721603
1008876,Bob Miller,Bob Miller,DET,Tigers,6,P,8.0,36.3333,-0.04862324893474579,-0.060364339500665665,-0.10898758843541145
1006591,Sheldon Jones,Sheldon Jones,CHC,Cubs,17,P,7.0,38.3333,0.014551353640854359,-0.1249941810965538,-0.11044282745569944
1011601,Dick Schofield,Dick Schofield,STL,Cardinals,28,SS,41.0,,,-0.11240965873003006,-0.11240965873003006
1013469,Ben Wade,Ben Wade,BRO,Dodgers,22,P,27.0,90.3333,-0.07571618258953094,-0.04181075841188431,-0.11752694100141525
1007533,Dutch Leonard,Dutch Leonard,CHC,Cubs,17,P,10.0,62.6666,-0.19268754124641418,0.07316036522388458,-0.1195271760225296
1007708,Jack Lohrke,Jack Lohrke,PHI,Phillies,26,2B/SS,14.0,,,-0.11998091638088226,-0.11998091638088226
1010370,Jim Pisoni,Jim Pisoni,SLB,Browns,2,RF/CF,12.0,,,-0.13434115052223206,-0.13434115052223206
1004194,Hank Foiles,Hank Foiles,- - -,- - -,0,C,22.0,,,-0.13959030713886023,-0.13959030713886023
1007066,Nick Koback,Nick Koback,PIT,Pirates,27,C,18.0,,,-0.14035266637802124,-0.14035266637802124
1012982,Kite Thomas,Kite Thomas,- - -,- - -,0,RF/LF,122.0,,,-0.14053916931152344,-0.14053916931152344
1008841,Ed Mickelson,Ed Mickelson,SLB,Browns,2,1B,17.0,,,-0.1417611986398697,-0.1417611986398697
1000356,Toby Atwell,Toby Atwell,- - -,- - -,0,C,252.0,,,-0.1481909640133381,-0.1481909640133381
1009967,Erv Palica,Erv Palica,BRO,Dodgers,22,P,1.0,6.0,-0.20523448288440704,0.05627153813838959,-0.14896294474601746
1008842,Glenn Mickens,Glenn Mickens,BRO,Dodgers,22,P,2.0,6.3333,-0.11601648479700089,-0.03550024703145027,-0.15151673182845116
1001801,Tommy Byrne,Tommy Byrne,- - -,- - -,0,P,40.0,49.6666,-0.18019285798072815,0.026468873023986816,-0.15372398495674133
1001013,Ewell Blackwell,Ewell Blackwell,NYY,Yankees,9,P,5.0,19.6666,-0.07442425191402435,-0.07961717993021011,-0.15404143184423447
1004287,Paul Foytack,Paul Foytack,DET,Tigers,6,P,1.0,9.6666,-0.14292190968990326,-0.016798250377178192,-0.15972016006708145
1008139,Fred Marsh,Fred Marsh,CHW,White Sox,4,3B/SS,111.0,,,-0.16042712330818176,-0.16042712330818176
1008108,Marty Marion,Marty Marion,SLB,Browns,2,3B,7.0,,,-0.16964629292488098,-0.16964629292488098
1009546,Bobo Newsom,Bobo Newsom,PHA,Athletics,10,P,7.0,38.6666,-0.13786517083644867,-0.03274204954504967,-0.17060722038149834
1012321,Daryl Spencer,Daryl Spencer,NYG,Giants,30,2B/3B/SS,455.0,,,-0.17470721900463104,-0.17470721900463104
1010588,Tom Qualters,Tom Qualters,PHI,Phillies,26,P,,0.3333,-0.17739459872245789,0.0,-0.17739459872245789
1005241,Dick Hall,Dick Hall,PIT,Pirates,27,2B,25.0,,,-0.1792631447315216,-0.1792631447315216
1005879,Mel Hoderlein,Mel Hoderlein,WAS,Senators,8,2B,53.0,,,-0.1838291585445404,-0.1838291585445404
1014227,Ken Wood,Ken Wood,WAS,Senators,8,LF,35.0,,,-0.1934981793165207,-0.1934981793165207
1005860,Billy Hitchcock,Billy Hitchcock,DET,Tigers,6,3B,41.0,,,-0.19592376053333282,-0.19592376053333282
1000225,Ferrell Anderson,Ferrell Anderson,STL,Cardinals,28,C,35.0,,,-0.20218434929847717,-0.20218434929847717
1012020,Dick Sisler,Dick Sisler,STL,Cardinals,28,1B,44.0,,,-0.20362962782382965,-0.20362962782382965
1005323,Andy Hansen,Andy Hansen,PHI,Phillies,26,P,7.0,51.3333,-0.2487732470035553,0.025944672524929047,-0.22282857447862625
1010960,Bill Rigney,Bill Rigney,NYG,Giants,30,2B/3B,20.0,,,-0.22322529554367065,-0.22322529554367065
1009697,Johnny O'Brien,Johnny O'Brien,PIT,Pirates,27,2B,312.0,,,-0.22747541964054108,-0.22747541964054108
1006404,Virgil Jester,Virgil Jester,MIL,Braves,16,P,,2.0,-0.23687127232551575,0.0,-0.23687127232551575
1007136,Steve Kraly,Steve Kraly,NYY,Yankees,9,P,7.0,25.0,-0.13271069526672363,-0.11146405339241028,-0.2441747486591339
1006713,Ray Katt,Ray Katt,NYG,Giants,30,C,31.0,,,-0.25039005279541016,-0.25039005279541016
1014314,Johnny Wyrostek,Johnny Wyrostek,PHI,Phillies,26,RF,452.0,,,-0.25373852252960205,-0.25373852252960205
1006958,Thornton Kipper,Thornton Kipper,PHI,Phillies,26,P,13.0,45.6666,-0.11775734275579453,-0.13933591544628143,-0.25709325820207596
1007793,Turk Lown,Turk Lown,CHC,Cubs,17,P,52.0,148.3333,0.05501361936330795,-0.3141538202762604,-0.2591402009129524
1004358,Owen Friend,Owen Friend,- - -,- - -,0,2B,177.0,,,-0.2597495913505554,-0.2597495913505554
1010533,Jerry Priddy,Jerry Priddy,DET,Tigers,6,2B,216.0,,,-0.26216819882392883,-0.26216819882392883
1000688,John Baumgartner,John Baumgartner,DET,Tigers,6,3B,27.0,,,-0.27171292901039124,-0.27171292901039124
1011976,Al Sima,Al Sima,WAS,Senators,8,P,18.0,68.3333,-0.1862456053495407,-0.08582451194524765,-0.27207011729478836
1002373,Gil Coan,Gil Coan,WAS,Senators,8,LF,195.0,,,-0.2722622752189636,-0.2722622752189636
1006846,Monty Kennedy,Monte Kennedy,NYG,Giants,30,P,2.0,22.6666,-0.24293901026248932,-0.035302966833114624,-0.27824197709560394
1014420,Al Zarilla,Al Zarilla,BOS,Red Sox,3,RF/CF,81.0,,,-0.283176988363266,-0.283176988363266
1000478,Frank Baldwin,Frank Baldwin,CIN,Reds,18,C,21.0,,,-0.2856985032558441,-0.2856985032558441
1003875,Hoot Evers,Hoot Evers,BOS,Red Sox,3,LF,330.0,,,-0.28633788228034973,-0.28633788228034973
1000457,Gene Baker,Gene Baker,CHC,Cubs,17,2B,24.0,,,-0.28692567348480225,-0.28692567348480225
1014063,Bill Wilson,Bill Wilson,CHW,White Sox,4,CF,18.0,,,-0.2952776551246643,-0.2952776551246643
1012022,Sibby Sisti,Sibby Sisti,MIL,Braves,16,2B/SS,28.0,,,-0.29896822571754456,-0.29896822571754456
1005278,Tom Hamilton,Tom Hamilton,PHA,Athletics,10,1B,63.0,,,-0.3007142245769501,-0.3007142245769501
1006519,Dave Jolly,Dave Jolly,MIL,Braves,16,P,3.0,38.3333,-0.3952793478965759,0.082269586622715,-0.31300976127386093
1002545,Billy Consolo,Billy Consolo,BOS,Red Sox,3,2B/3B,67.0,,,-0.31785035133361816,-0.31785035133361816
1010234,Kent Peterson,Kent Peterson,PHI,Phillies,26,P,7.0,27.0,-0.19660279154777527,-0.12209863215684891,-0.3187014237046242
1008809,George Metkovich,Catfish Metkovich,- - -,- - -,0,RF/CF,191.0,,,-0.32251833006739616,-0.32251833006739616
1007520,Jim Lemon,Jim Lemon,CLE,Indians,5,LF,49.0,,,-0.3251849412918091,-0.3251849412918091
1007325,Max Lanier,Max Lanier,- - -,- - -,0,P,7.0,27.666600000000003,-0.27811625599861145,-0.04739943705499172,-0.3255156930536032
1000275,Bill Antonello,Bill Antonello,BRO,Dodgers,22,LF,45.0,,,-0.3323000371456146,-0.3323000371456146
1008280,Carmen Mauro,Carmen Mauro,- - -,- - -,0,CF,217.0,,,-0.34233811870217323,-0.34233811870217323
1007645,Johnny Lipon,Johnny Lipon,- - -,- - -,0,SS,175.0,,,-0.3541020601987839,-0.3541020601987839
1005932,Cal Hogue,Cal Hogue,PIT,Pirates,27,P,6.0,19.0,-0.24692681431770325,-0.1082594096660614,-0.35518622398376465
1000894,Carlos Bernier,Carlos Bernier,PIT,Pirates,27,CF,366.0,,,-0.362037718296051,-0.362037718296051
1012800,Joe Szekely,Joe Szekely,CIN,Reds,18,RF,13.0,,,-0.36845192313194275,-0.36845192313194275
1012142,Frank Smith,Frank Smith,CIN,Reds,18,P,15.0,83.6666,-0.27141526341438293,-0.09796051681041718,-0.3693757802248001
1005411,Earl Harrist,Earl Harrist,- - -,- - -,0,P,5.0,26.999899999999997,-0.3543909341096878,-0.025180445984005928,-0.37957138009369373
1006835,Bob Kennedy,Bob Kennedy,CLE,Indians,5,RF/LF,181.0,,,-0.3803342580795288,-0.3803342580795288
1013182,Gus Triandos,Gus Triandos,NYY,Yankees,9,C/1B,55.0,,,-0.38319504261016846,-0.38319504261016846
1011272,Dick Rozek,Dick Rozek,PHA,Athletics,10,P,3.0,10.6666,-0.40024232864379883,0.007504547946155071,-0.39273778069764376
1012442,Ebba St. Claire,Ebba St. Claire,MIL,Braves,16,C,83.0,,,-0.39500656723976135,-0.39500656723976135
1003611,Jim Dyck,Jim Dyck,SLB,Browns,2,3B/LF,381.0,,,-0.3950674831867218,-0.3950674831867218
1013674,Neal Watlington,Neal Watlington,PHA,Athletics,10,C,47.0,,,-0.40520530939102173,-0.40520530939102173
1005814,Frank Hiller,Frank Hiller,NYG,Giants,30,P,4.0,33.6666,-0.4945525825023651,0.0774373933672905,-0.4171151891350746
1007174,Rocky Krsnich,Rocky Krsnich,CHW,White Sox,4,3B,143.0,,,-0.41895776987075806,-0.41895776987075806
1006357,Vic Janowicz,Vic Janowicz,PIT,Pirates,27,C,131.0,,,-0.41937997937202454,-0.41937997937202454
1010106,Jim Pearce,Jim Pearce,WAS,Senators,8,P,1.0,9.3333,-0.4054620862007141,-0.016243966296315193,-0.4217060524970293
1001442,Lou Brissie,Lou Brissie,CLE,Indians,5,P,,13.0,-0.425976425409317,0.0,-0.425976425409317
1010664,Bob Ramazzotti,Bob Ramazzotti,CHC,Cubs,17,2B,43.0,,,-0.43074074387550354,-0.43074074387550354
1004956,Mickey Grasso,Mickey Grasso,WAS,Senators,8,C,207.0,,,-0.4310030937194824,-0.4310030937194824
1002515,Bill Connelly,Bill Connelly,NYG,Giants,30,P,6.0,20.3333,-0.32782378792762756,-0.10590889304876328,-0.43373268097639084
1013991,Dick Williams,Dick Williams,BRO,Dodgers,22,RF/LF,60.0,,,-0.4391492009162903,-0.4391492009162903
1000395,Loren Babe,Loren Babe,- - -,- - -,0,3B,401.0,,,-0.4555237144231796,-0.4555237144231796
1003037,Brandy Davis,Brandy Davis,PIT,Pirates,27,LF,39.0,,,-0.4651971459388733,-0.4651971459388733
1011426,Mike Sandlock,Mike Sandlock,PIT,Pirates,27,C,202.0,,,-0.46689751744270325,-0.46689751744270325
1011995,Harry Simpson,Harry Simpson,CLE,Indians,5,RF,264.0,,,-0.4673292338848114,-0.4673292338848114
1012189,Paul Smith,Paul Smith,PIT,Pirates,27,1B,427.0,,,-0.46915727853775024,-0.46915727853775024
1003802,Eddie Erautt,Eddie Erautt,- - -,- - -,0,P,8.0,40.333200000000005,-0.4191846325993538,-0.05571542680263519,-0.474900059401989
1011626,Bob Schultz,Bob Schultz,- - -,- - -,0,P,7.0,30.333199999999998,-0.4380321502685547,-0.047823072876781225,-0.4858552231453359
1012077,Roy Smalley,Roy Smalley,CHC,Cubs,17,SS,288.0,,,-0.49196046590805054,-0.49196046590805054
1011994,Duke Simpson,Duke Simpson,CHC,Cubs,17,P,8.0,45.0,-0.5019589066505432,0.005192814394831657,-0.49676609225571156
1013734,Dick Weik,Dick Weik,- - -,- - -,0,P,3.0,19.3333,-0.6229313611984253,0.10512551665306091,-0.5178058445453644
1013042,Bob Thorpe,Bob Thorpe,MIL,Braves,16,RF/LF,39.0,,,-0.5226877927780151,-0.5226877927780151
1000717,Gene Bearden,Gene Bearden,CHW,White Sox,4,P,23.0,58.3333,-0.49228522181510925,-0.05559633672237396,-0.5478815585374832
1003329,Jack Dittmer,Jack Dittmer,MIL,Braves,16,2B,525.0,,,-0.554947018623352,-0.554947018623352
1001420,Rocky Bridges,Rocky Bridges,CIN,Reds,18,2B,477.0,,,-0.5582839250564575,-0.5582839250564575
1002263,Allie Clark,Allie Clark,- - -,- - -,0,RF,93.0,,,-0.5783750414848328,-0.5783750414848328
1011496,Ray Scarborough,Ray Scarborough,- - -,- - -,0,P,15.0,75.3332,-0.5219473242759705,-0.05980861186981201,-0.5817559361457825
1006001,Bob Hooper,Bob Hooper,CLE,Indians,5,P,13.0,69.3333,-0.5060769319534302,-0.07742830365896225,-0.5835052356123924
1000947,Vern Bickford,Vern Bickford,MIL,Braves,16,P,17.0,58.0,-0.442599356174469,-0.1441081315279007,-0.5867074877023697
1002647,Al Corwin,Al Corwin,NYG,Giants,30,P,34.0,106.6666,-1.0027461051940918,0.3966200649738312,-0.6061260402202606
1013004,Don Thompson,Don Thompson,BRO,Dodgers,22,RF/LF,169.0,,,-0.6154929995536804,-0.6154929995536804
1010340,Jim Piersall,Jim Piersall,BOS,Red Sox,3,RF,654.0,,,-0.6247333884239197,-0.6247333884239197
1004788,Bill Glynn,Bill Glynn,CLE,Indians,5,1B,474.0,,,-0.6365182995796204,-0.6365182995796204
1003687,Hank Edwards,Hank Edwards,SLB,Browns,2,RF/LF,119.0,,,-0.655136227607727,-0.655136227607727
1009064,Felipe Montemayor,Felipe Montemayor,PIT,Pirates,27,CF,62.0,,,-0.7026419043540955,-0.7026419043540955
1000175,Luis Aloma,Luis Aloma,CHW,White Sox,4,P,6.0,38.3333,-0.6169628500938416,-0.09906600415706635,-0.7160288542509079
1013623,Preston Ward,Preston Ward,- - -,- - -,0,1B,450.0,,,-0.7705955058336258,-0.7705955058336258
1009794,Karl Olson,Karl Olson,BOS,Red Sox,3,LF,58.0,,,-0.8312647342681885,-0.8312647342681885
1004697,Tookie Gilbert,Tookie Gilbert,NYG,Giants,30,1B,182.0,,,-0.8377891778945923,-0.8377891778945923
1007954,Dave Madison,Dave Madison,DET,Tigers,6,P,11.0,62.0,-0.7410489916801453,-0.11075908690690994,-0.8518080785870552
1005693,Gene Hermanski,Gene Hermanski,- - -,- - -,0,RF/LF,115.0,,,-0.8696209788322449,-0.8696209788322449
1003510,Walt Dropo,Walt Dropo,DET,Tigers,6,1B,645.0,,,-0.8950977325439453,-0.8950977325439453
1009690,Eddie O'Brien,Eddie O'Brien,PIT,Pirates,27,SS,282.0,,,-0.899541974067688,-0.899541974067688
1006925,Clyde King,Clyde King,CIN,Reds,18,P,13.0,76.0,-0.8201785087585449,-0.10610762238502502,-0.92628613114357
1001563,Tommy Brown,Tommy Brown,CHC,Cubs,17,SS,154.0,,,-0.9358582496643066,-0.9358582496643066
1012493,Gene Stephens,Gene Stephens,BOS,Red Sox,3,LF,254.0,,,-0.9958256483078003,-0.9958256483078003
1006725,Ted Kazanski,Ted Kazanski,PHI,Phillies,26,SS,392.0,,,-1.1155470609664917,-1.1155470609664917
1002067,Pete Castiglione,Pete Castiglione,- - -,- - -,0,3B,227.0,,,-1.2130557596683502,-1.2130557596683502
1013729,Herm Wehmeier,Herm Wehmeier,CIN,Reds,18,P,21.0,81.6666,-1.204106092453003,-0.021535923704504967,-1.225642016157508
1008854,Eddie Miksis,Eddie Miksis,CHC,Cubs,17,2B/SS,624.0,,,-1.2871125936508179,-1.2871125936508179
1013687,Jim Waugh,Jim Waugh,PIT,Pirates,27,P,24.0,90.3333,-1.4506046772003174,0.014142259024083614,-1.4364624181762338
1006196,Billy Hunter,Billy Hunter,SLB,Browns,2,SS,604.0,,,-2.295884132385254,-2.295884132385254
